TotalPercentuais,Percentual
credit_card,73.92237645110987
boleto,19.043952024334367
voucher,5.558978110621258
debit_card,1.4718056330978189
Not_defined,0.0028877808366863677
